Date,Open,High,Low,Close,Day_Name,Direction,Raw_Points,Points_Display
2020-01-01,61.5200,61.5400,61.3300,61.3300,Wednesday,DOWN,-0.1900,-1.9000
2020-01-02,61.2900,61.3200,60.4200,60.9500,Thursday,DOWN,-0.3400,-3.4000
2020-01-03,60.9600,63.8000,60.9100,62.8200,Friday,UP,1.8600,18.6000
2020-01-06,63.4300,64.4500,62.4300,63.0400,Monday,DOWN,-0.3900,-3.9000
2020-01-07,62.6700,62.9200,61.9600,62.5100,Tuesday,DOWN,-0.1600,-1.6000
2020-01-08,62.6300,65.4000,58.9900,59.4600,Wednesday,DOWN,-3.1700,-31.7000
2020-01-09,59.8500,60.1700,58.5500,59.4400,Thursday,DOWN,-0.4100,-4.1000
2020-01-10,59.5100,59.6700,58.7900,58.9900,Friday,DOWN,-0.5200,-5.2000
2020-01-13,59.0800,59.2100,57.9300,58.0800,Monday,DOWN,-1.0000,-10.0000
2020-01-14,58.0600,58.7300,57.7400,58.2600,Tuesday,UP,0.2000,2.0000
2020-01-15,58.2300,58.4100,57.4200,57.8400,Wednesday,DOWN,-0.3900,-3.9000
2020-01-16,58.1200,58.8800,57.6000,58.5300,Thursday,UP,0.4100,4.1000
2020-01-17,58.6100,59.0000,58.3100,58.5800,Friday,DOWN,-0.0300,-0.3000
2020-01-20,59.2800,59.3200,58.5600,58.7300,Monday,DOWN,-0.5500,-5.5000
2020-01-21,59.3500,59.7700,57.7100,58.3800,Tuesday,DOWN,-0.9700,-9.7000
2020-01-22,58.2400,58.3500,56.0700,56.7600,Wednesday,DOWN,-1.4800,-14.8000
2020-01-23,56.1300,56.4300,54.8200,55.6100,Thursday,DOWN,-0.5200,-5.2000
2020-01-24,55.7200,55.9700,53.8800,54.2000,Friday,DOWN,-1.5200,-15.2000
2020-01-27,53.5700,53.7200,52.1600,53.1800,Monday,DOWN,-0.3900,-3.9000
2020-01-28,52.7200,54.0800,52.7200,53.5200,Tuesday,UP,0.8000,8.0000
2020-01-29,54.0000,54.3900,52.8700,53.4100,Wednesday,DOWN,-0.5900,-5.9000
2020-01-30,53.1000,53.2700,51.7500,52.2300,Thursday,DOWN,-0.8700,-8.7000
2020-01-31,52.9700,53.4200,51.0900,51.6800,Friday,DOWN,-1.2900,-12.9000
2020-02-03,51.1500,52.0500,49.9800,50.2800,Monday,DOWN,-0.8700,-8.7000
2020-02-04,50.0400,51.7000,49.5000,49.8000,Tuesday,DOWN,-0.2400,-2.4000
2020-02-05,49.6800,52.0100,49.6400,50.9200,Wednesday,UP,1.2400,12.4000
2020-02-06,51.3500,52.3400,50.4200,51.1400,Thursday,DOWN,-0.2100,-2.1000
2020-02-07,51.3100,51.6600,50.3200,50.5500,Friday,DOWN,-0.7600,-7.6000
2020-02-10,50.3400,50.7100,49.6300,49.7800,Monday,DOWN,-0.5600,-5.6000
2020-02-11,49.7800,50.8600,49.7800,50.1700,Tuesday,UP,0.3900,3.9000
2020-02-12,50.1600,51.9300,50.1600,51.4100,Wednesday,UP,1.2500,12.5000
2020-02-13,51.8700,52.1900,50.8200,51.6600,Thursday,DOWN,-0.2100,-2.1000
2020-02-14,51.7300,52.5600,51.5500,52.3200,Friday,UP,0.5900,5.9000
2020-02-17,52.3400,52.5900,52.0500,52.2000,Monday,DOWN,-0.1400,-1.4000
2020-02-18,52.4900,52.6500,51.1500,52.2900,Tuesday,DOWN,-0.2000,-2.0000
2020-02-19,52.3600,53.8700,52.1600,53.4900,Wednesday,UP,1.1300,11.3000
2020-02-20,53.7000,54.6600,53.4400,53.8800,Thursday,UP,0.1800,1.8000
2020-02-21,53.9300,54.0200,52.7200,53.5000,Friday,DOWN,-0.4300,-4.3000
2020-02-24,52.7900,52.7900,50.6100,51.5800,Monday,DOWN,-1.2100,-12.1000
2020-02-25,51.5000,52.1500,49.8500,50.0600,Tuesday,DOWN,-1.4400,-14.4000
2020-02-26,50.2200,50.5700,48.4400,48.8800,Wednesday,DOWN,-1.3400,-13.4000
2020-02-27,48.7000,48.9000,46.1000,47.2900,Thursday,DOWN,-1.4100,-14.1000
2020-02-28,46.6800,47.2000,44.0700,44.9400,Friday,DOWN,-1.7400,-17.4000
2020-03-02,43.9300,47.7100,43.4000,46.9200,Monday,UP,2.9900,29.9000
2020-03-03,47.9800,48.8200,46.6400,47.3300,Tuesday,DOWN,-0.6500,-6.5000
2020-03-04,47.1000,48.5600,46.8200,46.9500,Wednesday,DOWN,-0.1500,-1.5000
2020-03-05,47.3800,47.7200,45.8200,46.0600,Thursday,DOWN,-1.3200,-13.2000
2020-03-06,46.2200,46.5300,41.2900,41.5100,Friday,DOWN,-4.7100,-47.1000
2020-03-09,32.8700,35.1900,27.8300,31.4700,Monday,DOWN,-1.4000,-14.0000
2020-03-10,30.7500,35.3500,30.5800,34.7300,Tuesday,UP,3.9800,39.8000
2020-03-11,35.0000,36.7000,32.9700,33.3900,Wednesday,DOWN,-1.6100,-16.1000
2020-03-12,33.4300,34.0500,30.5000,31.9800,Thursday,DOWN,-1.4500,-14.5000
2020-03-13,31.3500,34.3800,30.8000,32.1100,Friday,UP,0.7600,7.6000
2020-03-16,32.6900,33.8000,28.5000,29.0000,Monday,DOWN,-3.6900,-36.9000
2020-03-17,28.9900,30.6100,27.0600,27.3300,Tuesday,DOWN,-1.6600,-16.6000
2020-03-18,27.3000,27.6000,20.5200,20.8300,Wednesday,DOWN,-6.4700,-64.7000
2020-03-19,22.8200,28.2800,21.7700,25.9100,Thursday,UP,3.0900,30.9000
2020-03-20,25.5900,28.4900,22.3900,22.6300,Friday,DOWN,-2.9600,-29.6000
2020-03-23,24.4000,26.1200,22.7400,25.4800,Monday,UP,1.0800,10.8000
2020-03-24,25.8700,27.2800,25.4400,26.2000,Tuesday,UP,0.3300,3.3000
2020-03-25,26.6400,27.5900,25.5600,27.1600,Wednesday,UP,0.5200,5.2000
2020-03-26,27.0400,27.4600,25.4700,25.7100,Thursday,DOWN,-1.3300,-13.3000
2020-03-27,26.2300,26.4300,24.5900,25.1500,Friday,DOWN,-1.0800,-10.8000
2020-03-30,24.6800,25.0100,23.3100,24.0900,Monday,DOWN,-0.5900,-5.9000
2020-03-31,24.2500,25.7300,24.0600,24.5100,Tuesday,UP,0.2600,2.6000
2020-04-01,24.1800,24.7200,23.6300,23.7400,Wednesday,DOWN,-0.4400,-4.4000
2020-04-02,24.1900,30.1600,23.9200,28.0500,Thursday,UP,3.8600,38.6000
2020-04-03,27.3400,31.6200,26.5300,30.9000,Friday,UP,3.5600,35.6000
2020-04-06,29.2000,31.2700,28.1300,29.9800,Monday,UP,0.7800,7.8000
2020-04-07,30.2100,31.3000,28.5300,28.6900,Tuesday,DOWN,-1.5200,-15.2000
2020-04-08,29.2100,31.0500,29.0500,30.1700,Wednesday,UP,0.9600,9.6000
2020-04-09,30.8200,33.1500,28.6300,28.8200,Thursday,DOWN,-2.0000,-20.0000
2020-04-13,30.3000,30.5700,28.2600,29.2600,Monday,DOWN,-1.0400,-10.4000
2020-04-14,29.2000,29.9500,27.2500,27.4000,Tuesday,DOWN,-1.8000,-18.0000
2020-04-15,27.8400,28.1400,25.8400,26.0400,Wednesday,DOWN,-1.8000,-18.0000
2020-04-16,26.2600,27.0000,24.9300,25.5300,Thursday,DOWN,-0.7300,-7.3000
2020-04-17,26.4200,26.7800,24.5700,25.0300,Friday,DOWN,-1.3900,-13.9000
2020-04-20,24.7600,24.9200,20.1900,20.4300,Monday,DOWN,-4.3300,-43.3000
2020-04-21,21.3200,22.5800,6.5000,11.5700,Tuesday,DOWN,-9.7500,-97.5000
2020-04-22,20.2600,22.7900,17.4300,20.6900,Wednesday,UP,0.4300,4.3000
2020-04-23,20.9900,23.4000,20.3200,21.4400,Thursday,UP,0.4500,4.5000
2020-04-24,21.8500,22.9600,20.7300,21.2200,Friday,DOWN,-0.6300,-6.3000
2020-04-27,21.1300,21.4500,17.7800,18.0800,Monday,DOWN,-3.0500,-30.5000
2020-04-28,18.2400,19.6600,17.2700,17.6000,Tuesday,DOWN,-0.6400,-6.4000
2020-04-29,18.0100,20.3600,17.4000,19.1200,Wednesday,UP,1.1100,11.1000
2020-04-30,19.3300,22.3000,19.1500,21.8500,Thursday,UP,2.5200,25.2000
2020-05-01,22.0400,23.4000,20.8600,22.2900,Friday,UP,0.2500,2.5000
2020-05-04,21.8700,23.7900,20.8400,22.7800,Monday,UP,0.9100,9.1000
2020-05-05,23.5600,27.4000,23.3800,26.4900,Tuesday,UP,2.9300,29.3000
2020-05-06,27.4500,27.9800,24.5500,25.6200,Wednesday,DOWN,-1.8300,-18.3000
2020-05-07,25.5600,27.7900,24.3800,24.8300,Thursday,DOWN,-0.7300,-7.3000
2020-05-08,24.8100,26.2900,24.7300,26.1700,Friday,UP,1.3600,13.6000
2020-05-11,25.9100,26.7300,24.7900,25.0800,Monday,DOWN,-0.8300,-8.3000
2020-05-12,25.3900,26.8700,25.1500,26.3300,Tuesday,UP,0.9400,9.4000
2020-05-13,25.8000,26.9600,25.2500,25.6800,Wednesday,DOWN,-0.1200,-1.2000
2020-05-14,25.9700,28.2700,25.5600,27.8800,Thursday,UP,1.9100,19.1000
2020-05-15,28.0200,29.8200,27.5300,29.5200,Friday,UP,1.5000,15.0000
2020-05-18,29.8100,33.1000,29.5500,31.6500,Monday,UP,1.8400,18.4000
2020-05-19,32.3900,32.9100,31.1300,31.9600,Tuesday,DOWN,-0.4300,-4.3000
2020-05-20,32.4100,34.2200,32.1100,33.9400,Wednesday,UP,1.5300,15.3000
2020-05-21,33.9300,35.0500,33.7800,34.3400,Thursday,UP,0.4100,4.1000
2020-05-22,34.4100,34.4800,31.2800,33.6500,Friday,DOWN,-0.7600,-7.6000
2020-05-25,32.9200,34.1800,32.7200,33.9200,Monday,UP,1.0000,10.0000
2020-05-26,33.7700,35.1600,32.9000,34.7700,Tuesday,UP,1.0000,10.0000
2020-05-27,34.5400,34.7000,32.2000,33.2300,Wednesday,DOWN,-1.3100,-13.1000
2020-05-28,32.4800,34.5700,31.6300,34.0600,Thursday,UP,1.5800,15.8000
2020-05-29,34.0600,36.1100,32.7600,35.8400,Friday,UP,1.7800,17.8000
2020-06-01,35.6200,36.2300,34.6500,35.7900,Monday,UP,0.1700,1.7000
2020-06-02,35.9400,37.2900,35.6400,37.0600,Tuesday,UP,1.1200,11.2000
2020-06-03,37.0900,38.4000,36.2400,37.5900,Wednesday,UP,0.5000,5.0000
2020-06-04,37.0600,37.9100,36.7100,37.7200,Thursday,UP,0.6600,6.6000
2020-06-05,37.6400,39.8900,37.3500,39.8000,Friday,UP,2.1600,21.6000
2020-06-08,39.6700,40.6900,38.2400,38.4300,Monday,DOWN,-1.2400,-12.4000
2020-06-09,38.5100,39.3100,37.3300,39.1600,Tuesday,UP,0.6500,6.5000
2020-06-10,38.7200,40.0700,37.9800,39.7800,Wednesday,UP,1.0600,10.6000
2020-06-11,39.2500,39.2500,35.6800,36.5700,Thursday,DOWN,-2.6800,-26.8000
2020-06-12,36.4600,37.2200,34.7400,36.5100,Friday,UP,0.0500,0.5000
2020-06-15,36.2600,37.5400,34.6600,37.4300,Monday,UP,1.1700,11.7000
2020-06-16,37.3800,39.3600,36.6700,38.6500,Tuesday,UP,1.2700,12.7000
2020-06-17,38.2100,39.0100,37.4800,38.2100,Wednesday,Break Even,0.0000,0.0000
2020-06-18,38.0000,39.1700,37.4000,39.0500,Thursday,UP,1.0500,10.5000
2020-06-19,39.0300,40.6000,38.5100,39.8300,Friday,UP,0.8000,8.0000
2020-06-22,39.0200,40.7700,39.0000,40.7300,Monday,UP,1.7100,17.1000
2020-06-23,40.7800,41.7400,39.9000,40.5100,Tuesday,DOWN,-0.2700,-2.7000
2020-06-24,40.1600,40.6800,37.5200,38.2100,Wednesday,DOWN,-1.9500,-19.5000
2020-06-25,38.2600,39.3800,37.3200,38.9100,Thursday,UP,0.6500,6.5000
2020-06-26,39.2300,39.5000,37.9600,38.6500,Friday,DOWN,-0.5800,-5.8000
2020-06-29,38.1200,39.9900,37.6900,39.8100,Monday,UP,1.6900,16.9000
2020-06-30,39.7600,40.1200,38.9600,39.3400,Tuesday,DOWN,-0.4200,-4.2000
2020-07-01,39.8800,40.6100,39.1100,39.9200,Wednesday,UP,0.0400,0.4000
2020-07-02,39.8500,40.8400,39.5700,40.7600,Thursday,UP,0.9100,9.1000
2020-07-03,40.2300,40.5000,39.8600,40.2800,Friday,UP,0.0500,0.5000
2020-07-06,40.4300,41.1900,39.9500,40.7300,Monday,UP,0.3000,3.0000
2020-07-07,40.7500,41.0100,40.0000,40.7000,Tuesday,DOWN,-0.0500,-0.5000
2020-07-08,40.5700,41.1600,40.4000,41.0400,Wednesday,UP,0.4700,4.7000
2020-07-09,41.0300,41.1200,39.4500,39.8300,Thursday,DOWN,-1.2000,-12.0000
2020-07-10,39.8300,40.9200,38.7700,40.7600,Friday,UP,0.9300,9.3000
2020-07-13,40.5700,40.9100,39.7000,40.3200,Monday,DOWN,-0.2500,-2.5000
2020-07-14,39.8400,40.8000,39.3100,40.5500,Tuesday,UP,0.7100,7.1000
2020-07-15,40.7900,41.4600,40.3200,41.4000,Wednesday,UP,0.6100,6.1000
2020-07-16,41.1900,41.3800,40.6900,40.9300,Thursday,DOWN,-0.2600,-2.6000
2020-07-17,40.9000,41.0500,40.1800,40.7500,Friday,DOWN,-0.1500,-1.5000
2020-07-20,40.7700,41.0200,39.9700,40.9200,Monday,UP,0.1500,1.5000
2020-07-21,40.8000,42.5100,40.7400,41.9200,Tuesday,UP,1.1200,11.2000
2020-07-22,41.6800,42.1600,41.3100,42.0400,Wednesday,UP,0.3600,3.6000
2020-07-23,42.1000,42.5100,40.9900,41.2100,Thursday,DOWN,-0.8900,-8.9000
2020-07-24,41.2300,41.8100,40.8300,41.4500,Friday,UP,0.2200,2.2000
2020-07-27,41.4500,41.9900,40.6900,41.8000,Monday,UP,0.3500,3.5000
2020-07-28,41.8800,42.1200,41.0800,41.2800,Tuesday,DOWN,-0.6000,-6.0000
2020-07-29,41.2900,41.8100,41.1900,41.5400,Wednesday,UP,0.2500,2.5000
2020-07-30,41.5900,41.6400,39.0000,40.2400,Thursday,DOWN,-1.3500,-13.5000
2020-07-31,40.6500,40.8600,39.9600,40.5700,Friday,DOWN,-0.0800,-0.8000
2020-08-03,40.7000,41.4900,39.8900,41.3100,Monday,UP,0.6100,6.1000
2020-08-04,41.0800,42.2800,40.4300,41.9100,Tuesday,UP,0.8300,8.3000
2020-08-05,41.8000,43.6800,41.6600,42.4300,Wednesday,UP,0.6300,6.3000
2020-08-06,42.4200,42.8700,41.8900,42.2000,Thursday,DOWN,-0.2200,-2.2000
2020-08-07,42.1900,42.4400,41.3300,41.4900,Friday,DOWN,-0.7000,-7.0000
2020-08-10,41.6300,42.5400,41.4300,42.1700,Monday,UP,0.5400,5.4000
2020-08-11,42.2100,43.1400,41.7500,41.8700,Tuesday,DOWN,-0.3400,-3.4000
2020-08-12,41.9200,43.1700,41.8000,42.9500,Wednesday,UP,1.0300,10.3000
2020-08-13,42.8800,43.1000,42.3700,42.5200,Thursday,DOWN,-0.3600,-3.6000
2020-08-14,42.6200,42.8400,41.9300,42.3100,Friday,DOWN,-0.3100,-3.1000
2020-08-17,42.4500,43.2500,42.0900,43.1700,Monday,UP,0.7200,7.2000
2020-08-18,43.0500,43.2900,42.4000,43.1200,Tuesday,UP,0.0700,0.7000
2020-08-19,42.8100,43.2100,42.5500,43.1100,Wednesday,UP,0.3000,3.0000
2020-08-20,42.9500,42.9800,41.6300,42.8200,Thursday,DOWN,-0.1300,-1.3000
2020-08-21,43.0100,43.2200,41.7400,42.6200,Friday,DOWN,-0.3900,-3.9000
2020-08-24,42.7200,43.1300,42.5100,42.9300,Monday,UP,0.2100,2.1000
2020-08-25,42.7100,43.8400,42.6300,43.6500,Tuesday,UP,0.9400,9.4000
2020-08-26,43.7400,44.0500,43.3200,43.6900,Wednesday,DOWN,-0.0500,-0.5000
2020-08-27,43.7800,43.8100,42.6800,43.3100,Thursday,DOWN,-0.4700,-4.7000
2020-08-28,43.2700,43.6900,43.0300,43.2900,Friday,UP,0.0200,0.2000
2020-08-31,43.3000,43.8900,42.8400,42.9000,Monday,DOWN,-0.4000,-4.0000
2020-09-01,43.1200,43.7000,43.0400,43.0800,Tuesday,DOWN,-0.0400,-0.4000
2020-09-02,43.3500,43.5100,41.5900,41.8500,Wednesday,DOWN,-1.5000,-15.0000
2020-09-03,41.9600,42.1400,40.6100,41.7200,Thursday,DOWN,-0.2400,-2.4000
2020-09-04,41.6000,42.1900,39.7500,40.1500,Friday,DOWN,-1.4500,-14.5000
2020-09-07,38.7700,39.5300,38.7700,39.2000,Monday,UP,0.4300,4.3000
2020-09-08,39.8600,39.9600,36.5800,37.1900,Tuesday,DOWN,-2.6700,-26.7000
2020-09-09,37.1800,38.7800,36.6000,38.4100,Wednesday,UP,1.2300,12.3000
2020-09-10,38.1600,38.5300,37.2700,37.6600,Thursday,DOWN,-0.5000,-5.0000
2020-09-11,37.3400,38.1200,37.0200,37.6500,Friday,UP,0.3100,3.1000
2020-09-14,37.6000,37.9700,37.1200,37.5600,Monday,DOWN,-0.0400,-0.4000
2020-09-15,37.6000,38.8200,37.3600,38.5500,Tuesday,UP,0.9500,9.5000
2020-09-16,38.6500,40.5900,38.6200,40.4100,Wednesday,UP,1.7600,17.6000
2020-09-17,40.4100,41.4800,39.6700,41.2200,Thursday,UP,0.8100,8.1000
2020-09-18,41.2000,41.7200,40.5200,41.3200,Friday,UP,0.1200,1.2000
2020-09-21,41.1900,41.4900,38.8700,39.5400,Monday,DOWN,-1.6500,-16.5000
2020-09-22,39.8400,40.2700,39.1900,39.8000,Tuesday,DOWN,-0.0400,-0.4000
2020-09-23,40.0300,41.0400,39.5600,40.2200,Wednesday,UP,0.1900,1.9000
2020-09-24,39.8700,40.6400,39.4100,40.5800,Thursday,UP,0.7100,7.1000
2020-09-25,40.3500,40.8900,40.0000,40.5100,Friday,UP,0.1600,1.6000
2020-09-28,40.2400,41.0600,40.0500,40.8700,Monday,UP,0.6300,6.3000
2020-09-29,40.8400,40.9400,38.7000,39.5600,Tuesday,DOWN,-1.2800,-12.8000
2020-09-30,39.4300,40.6100,38.9500,40.4700,Wednesday,UP,1.0400,10.4000
2020-10-01,40.1500,40.7000,37.9200,39.0100,Thursday,DOWN,-1.1400,-11.4000
2020-10-02,38.9200,38.9300,36.9300,37.3400,Friday,DOWN,-1.5800,-15.8000
2020-10-05,37.3400,39.9600,37.3200,39.5000,Monday,UP,2.1600,21.6000
2020-10-06,39.6200,41.1100,39.3700,40.9300,Tuesday,UP,1.3100,13.1000
2020-10-07,40.1200,40.6100,39.5700,40.2300,Wednesday,UP,0.1100,1.1000
2020-10-08,40.2300,41.5900,40.0500,41.4700,Thursday,UP,1.2400,12.4000
2020-10-09,41.6000,41.7400,40.6800,40.9100,Friday,DOWN,-0.6900,-6.9000
2020-10-12,40.7200,40.7500,39.3600,39.7300,Monday,DOWN,-0.9900,-9.9000
2020-10-13,39.8000,40.7900,39.6500,40.4900,Tuesday,UP,0.6900,6.9000
2020-10-14,40.4900,41.4300,40.1200,41.3400,Wednesday,UP,0.8500,8.5000
2020-10-15,41.4300,41.5700,39.5200,41.2400,Thursday,DOWN,-0.1900,-1.9000
2020-10-16,41.1600,41.3000,40.3400,41.1200,Friday,DOWN,-0.0400,-0.4000
2020-10-19,40.9200,41.4600,40.7700,41.0600,Monday,UP,0.1400,1.4000
2020-10-20,40.9300,41.9000,40.4600,41.7000,Tuesday,UP,0.7700,7.7000
2020-10-21,41.4500,41.8500,40.0700,40.3100,Wednesday,DOWN,-1.1400,-11.4000
2020-10-22,40.3100,41.3100,40.0000,40.9400,Thursday,UP,0.6300,6.3000
2020-10-23,40.9100,41.2100,39.8800,40.1500,Friday,DOWN,-0.7600,-7.6000
2020-10-26,39.9800,40.0400,38.6100,38.8900,Monday,DOWN,-1.0900,-10.9000
2020-10-27,38.9500,40.1300,38.8300,39.8700,Tuesday,UP,0.9200,9.2000
2020-10-28,39.3000,39.3300,37.3200,37.7200,Wednesday,DOWN,-1.5800,-15.8000
2020-10-29,37.7600,38.1000,35.2800,36.5100,Thursday,DOWN,-1.2500,-12.5000
2020-10-30,36.4100,36.9300,35.5700,36.1500,Friday,DOWN,-0.2600,-2.6000
2020-11-02,35.5000,37.5000,34.0400,37.1800,Monday,UP,1.6800,16.8000
2020-11-03,37.3700,38.6300,36.9300,37.9900,Tuesday,UP,0.6200,6.2000
2020-11-04,38.4600,39.5600,37.5900,39.4700,Wednesday,UP,1.0100,10.1000
2020-11-05,39.4200,39.6700,38.6000,39.1100,Thursday,DOWN,-0.3100,-3.1000
2020-11-06,38.8200,38.9200,37.4000,37.4900,Friday,DOWN,-1.3300,-13.3000
2020-11-09,37.6400,41.6300,37.5200,40.6200,Monday,UP,2.9800,29.8000
2020-11-10,40.1900,42.1200,39.7200,41.6700,Tuesday,UP,1.4800,14.8000
2020-11-11,42.0800,43.3300,41.6100,41.7400,Wednesday,DOWN,-0.3400,-3.4000
2020-11-12,41.7200,42.4500,41.1600,41.4100,Thursday,DOWN,-0.3100,-3.1000
2020-11-13,41.2100,41.2100,40.3300,40.4000,Friday,DOWN,-0.8100,-8.1000
2020-11-16,40.4400,42.3500,40.4000,41.5700,Monday,UP,1.1300,11.3000
2020-11-17,41.6500,41.9300,40.8100,41.6500,Tuesday,Break Even,0.0000,0.0000
2020-11-18,41.5500,42.6800,41.3000,42.0100,Wednesday,UP,0.4600,4.6000
2020-11-19,41.8700,42.1500,41.2600,41.9000,Thursday,UP,0.0300,0.3000
2020-11-20,41.8800,42.5400,41.6100,42.4200,Friday,UP,0.5400,5.4000
2020-11-23,42.6400,43.5600,42.5200,43.2800,Monday,UP,0.6400,6.4000
2020-11-24,43.0400,45.3800,43.0400,45.1100,Tuesday,UP,2.0700,20.7000
2020-11-25,45.0500,46.4400,44.8700,45.9100,Wednesday,UP,0.8600,8.6000
2020-11-26,45.7700,46.0900,44.7300,44.9800,Thursday,DOWN,-0.7900,-7.9000
2020-11-27,46.1200,46.2700,44.7700,45.7400,Friday,DOWN,-0.3800,-3.8000
2020-11-30,45.5700,45.9800,44.6400,45.5100,Monday,DOWN,-0.0600,-0.6000
2020-12-01,45.2500,45.8600,44.3200,44.7300,Tuesday,DOWN,-0.5200,-5.2000
2020-12-02,44.5400,46.0400,44.1000,45.4400,Wednesday,UP,0.9000,9.0000
2020-12-03,45.1400,45.9800,44.8400,45.7900,Thursday,UP,0.6500,6.5000
2020-12-04,45.7600,46.8000,45.7600,46.4200,Friday,UP,0.6600,6.6000
2020-12-07,46.2400,46.7000,45.5400,45.9500,Monday,DOWN,-0.2900,-2.9000
2020-12-08,45.8200,46.0900,45.3200,45.8000,Tuesday,DOWN,-0.0200,-0.2000
2020-12-09,45.7500,46.4300,45.1400,45.7200,Wednesday,DOWN,-0.0300,-0.3000
2020-12-10,45.8700,47.8800,45.7200,46.9600,Thursday,UP,1.0900,10.9000
2020-12-11,47.1500,47.4600,46.5100,46.7500,Friday,DOWN,-0.4000,-4.0000
2020-12-14,46.9200,47.5700,45.8800,47.1500,Monday,UP,0.2300,2.3000
2020-12-15,47.1800,47.8900,46.7200,47.7800,Tuesday,UP,0.6000,6.0000
2020-12-16,47.7700,48.1200,47.3400,48.0000,Wednesday,UP,0.2300,2.3000
2020-12-17,48.0700,48.8000,48.0000,48.5400,Thursday,UP,0.4700,4.7000
2020-12-18,48.5700,49.4300,48.2700,49.2400,Friday,UP,0.6700,6.7000
2020-12-21,49.2600,49.3100,46.2500,47.9700,Monday,DOWN,-1.2900,-12.9000
2020-12-22,48.0000,48.0600,46.7200,47.1600,Tuesday,DOWN,-0.8400,-8.4000
2020-12-23,46.9300,48.6000,46.3000,48.2400,Wednesday,UP,1.3100,13.1000
2020-12-24,48.2000,48.7200,47.6900,48.3500,Thursday,UP,0.1500,1.5000
2020-12-28,48.3900,49.0700,47.6300,47.7700,Monday,DOWN,-0.6200,-6.2000
2020-12-29,47.8700,48.4900,47.8200,48.1400,Tuesday,UP,0.2700,2.7000
2020-12-30,48.2600,48.7800,47.7600,48.5000,Wednesday,UP,0.2400,2.4000
2020-12-31,48.4100,48.6800,47.8800,48.6300,Thursday,UP,0.2200,2.2000
2021-01-04,48.4900,49.9400,47.3100,47.7600,Monday,DOWN,-0.7300,-7.3000
2021-01-05,47.5400,50.2700,47.3900,50.0100,Tuesday,UP,2.4700,24.7000
2021-01-06,49.9300,50.9800,49.5300,50.6900,Wednesday,UP,0.7600,7.6000
2021-01-07,50.5500,51.3000,50.4400,50.8700,Thursday,UP,0.3200,3.2000
2021-01-08,50.9000,52.7400,50.8600,52.2600,Friday,UP,1.3600,13.6000
2021-01-11,52.5500,52.6900,51.5100,52.2700,Monday,DOWN,-0.2800,-2.8000
2021-01-12,52.1900,53.4700,52.0800,53.2400,Tuesday,UP,1.0500,10.5000
2021-01-13,53.3400,53.9400,52.6000,52.9600,Wednesday,DOWN,-0.3800,-3.8000
2021-01-14,52.8900,53.7900,52.3000,53.6200,Thursday,UP,0.7300,7.3000
2021-01-15,53.7700,53.8600,51.8900,52.4200,Friday,DOWN,-1.3500,-13.5000
2021-01-18,52.2000,52.6100,51.8300,52.3600,Monday,UP,0.1600,1.6000
2021-01-19,52.0000,53.1800,51.8100,52.9800,Tuesday,UP,0.9800,9.8000
2021-01-20,53.0600,53.8300,52.8300,53.3100,Wednesday,UP,0.2500,2.5000
2021-01-21,52.8100,53.3000,52.6400,53.0500,Thursday,UP,0.2400,2.4000
2021-01-22,53.0100,53.0800,51.3800,52.1900,Friday,DOWN,-0.8200,-8.2000
2021-01-25,52.0800,52.8400,51.7500,52.6700,Monday,UP,0.5900,5.9000
2021-01-26,52.8100,53.1200,52.2000,52.5200,Tuesday,DOWN,-0.2900,-2.9000
2021-01-27,52.6700,53.1600,51.7700,52.7300,Wednesday,UP,0.0600,0.6000
2021-01-28,52.5400,53.4300,51.9400,52.2400,Thursday,DOWN,-0.3000,-3.0000
2021-01-29,52.0300,53.1300,51.8500,52.0800,Friday,UP,0.0500,0.5000
2021-02-01,51.9000,53.6000,51.5300,53.4200,Monday,UP,1.5200,15.2000
2021-02-02,53.3500,55.0900,53.3200,54.6200,Tuesday,UP,1.2700,12.7000
2021-02-03,54.9600,56.1600,54.6600,55.5400,Wednesday,UP,0.5800,5.8000
2021-02-04,55.8000,56.4100,55.1600,56.0700,Thursday,UP,0.2700,2.7000
2021-02-05,56.3200,57.1100,56.3200,56.7000,Friday,UP,0.3800,3.8000
2021-02-08,56.9500,57.9800,56.8600,57.8300,Monday,UP,0.8800,8.8000
2021-02-09,57.9900,58.4900,57.1700,58.2500,Tuesday,UP,0.2600,2.6000
2021-02-10,58.3300,58.7700,57.9800,58.5700,Wednesday,UP,0.2400,2.4000
2021-02-11,58.2600,58.5700,57.7500,58.1400,Thursday,DOWN,-0.1200,-1.2000
2021-02-12,57.8200,59.7200,57.3100,59.3800,Friday,UP,1.5600,15.6000
2021-02-15,60.3600,60.9500,59.9600,60.0900,Monday,DOWN,-0.2700,-2.7000
2021-02-16,59.8300,60.7800,59.3400,60.0800,Tuesday,UP,0.2500,2.5000
2021-02-17,60.2800,61.7500,59.5600,61.1600,Wednesday,UP,0.8800,8.8000
2021-02-18,61.7100,62.2900,59.8100,60.5300,Thursday,DOWN,-1.1800,-11.8000
2021-02-19,60.1800,60.3200,58.6000,59.2600,Friday,DOWN,-0.9200,-9.2000
2021-02-22,58.9300,62.2200,58.8200,61.7000,Monday,UP,2.7700,27.7000
2021-02-23,61.9000,62.7100,60.4400,61.4300,Tuesday,DOWN,-0.4700,-4.7000
2021-02-24,61.0700,63.2800,60.7700,63.0000,Wednesday,UP,1.9300,19.3000
2021-02-25,63.2200,63.5600,62.4500,63.2200,Thursday,Break Even,0.0000,0.0000
2021-02-26,63.1700,63.2400,61.0400,61.2300,Friday,DOWN,-1.9400,-19.4000
2021-03-01,61.4200,62.6700,59.7700,60.4200,Monday,DOWN,-1.0000,-10.0000
2021-03-02,60.0400,60.9800,59.2000,59.5700,Tuesday,DOWN,-0.4700,-4.7000
2021-03-03,59.4000,61.7500,59.0800,61.1000,Wednesday,UP,1.7000,17.0000
2021-03-04,60.9300,64.6200,60.3600,63.6200,Thursday,UP,2.6900,26.9000
2021-03-05,63.9400,66.2300,63.5900,65.9200,Friday,UP,1.9800,19.8000
2021-03-08,66.5000,67.7900,64.4500,64.9300,Monday,DOWN,-1.5700,-15.7000
2021-03-09,64.6000,65.8700,63.6000,63.9900,Tuesday,DOWN,-0.6100,-6.1000
2021-03-10,63.8100,64.9000,63.1000,64.4200,Wednesday,UP,0.6100,6.1000
2021-03-11,64.6200,66.1700,64.4900,66.0000,Thursday,UP,1.3800,13.8000
2021-03-12,65.9500,66.2200,65.4000,65.6400,Friday,DOWN,-0.3100,-3.1000
2021-03-15,65.5600,66.4400,64.2200,65.4400,Monday,DOWN,-0.1200,-1.2000
2021-03-16,65.3400,65.4800,63.8700,64.8600,Tuesday,DOWN,-0.4800,-4.8000
2021-03-17,64.8700,65.4000,63.6400,64.6300,Wednesday,DOWN,-0.2400,-2.4000
2021-03-18,64.4400,64.8800,58.2800,60.0600,Thursday,DOWN,-4.3800,-43.8000
2021-03-19,59.6500,61.8000,59.0100,61.4400,Friday,UP,1.7900,17.9000
2021-03-22,61.6000,62.0400,60.3500,61.5600,Monday,DOWN,-0.0400,-0.4000
2021-03-23,61.1800,61.2500,57.2900,57.7800,Tuesday,DOWN,-3.4000,-34.0000
2021-03-24,57.4200,61.3100,57.3300,61.1600,Wednesday,UP,3.7400,37.4000
2021-03-25,60.8000,60.8400,57.4600,58.5700,Thursday,DOWN,-2.2300,-22.3000
2021-03-26,58.4400,61.3400,58.3300,60.9600,Friday,UP,2.5200,25.2000
2021-03-29,60.9400,61.7400,59.4200,61.5300,Monday,UP,0.5900,5.9000
2021-03-30,61.9200,62.2200,59.9500,60.5600,Tuesday,DOWN,-1.3600,-13.6000
2021-03-31,60.4000,61.1700,58.8800,59.1800,Wednesday,DOWN,-1.2200,-12.2000
2021-04-01,59.4800,61.7500,58.9100,61.4800,Thursday,UP,2.0000,20.0000
2021-04-05,61.4800,61.4800,57.6800,58.6800,Monday,DOWN,-2.8000,-28.0000
2021-04-06,58.8700,60.8900,58.6600,59.3700,Tuesday,UP,0.5000,5.0000
2021-04-07,59.2800,60.0600,58.1600,59.8100,Wednesday,UP,0.5300,5.3000
2021-04-08,59.5600,59.9300,58.8500,59.6300,Thursday,UP,0.0700,0.7000
2021-04-09,59.7800,59.9400,59.1300,59.3500,Friday,DOWN,-0.4300,-4.3000
2021-04-12,59.4300,60.7800,58.7700,59.7500,Monday,UP,0.3200,3.2000
2021-04-13,59.6900,60.6300,59.6900,60.2400,Tuesday,UP,0.5500,5.5000
2021-04-14,60.5200,63.5100,60.4300,63.2200,Wednesday,UP,2.7000,27.0000
2021-04-15,62.9700,63.6200,62.6100,63.5100,Thursday,UP,0.5400,5.4000
2021-04-16,63.3500,63.9400,62.8800,63.1900,Friday,DOWN,-0.1600,-1.6000
2021-04-19,63.0100,63.6900,62.6700,63.4300,Monday,UP,0.4200,4.2000
2021-04-20,63.5300,64.3800,61.4900,62.6700,Tuesday,DOWN,-0.8600,-8.6000
2021-04-21,62.3300,62.4700,60.7900,61.2700,Wednesday,DOWN,-1.0600,-10.6000
2021-04-22,61.0500,61.7900,60.5500,61.3400,Thursday,UP,0.2900,2.9000
2021-04-23,61.5600,62.3000,61.1400,62.0200,Friday,UP,0.4600,4.6000
2021-04-26,62.0300,62.1800,60.5600,61.8000,Monday,DOWN,-0.2300,-2.3000
2021-04-27,61.8000,63.1500,61.8000,62.8000,Tuesday,UP,1.0000,10.0000
2021-04-28,62.9200,64.3700,62.5400,63.7500,Wednesday,UP,0.8300,8.3000
2021-04-29,63.5900,65.3200,63.5300,64.8800,Thursday,UP,1.2900,12.9000
2021-04-30,64.7600,64.8300,63.0000,63.4800,Friday,DOWN,-1.2800,-12.8000
2021-05-03,63.4800,64.5800,62.8200,64.4100,Monday,UP,0.9300,9.3000
2021-05-04,64.4300,66.1200,64.2100,65.6100,Tuesday,UP,1.1800,11.8000
2021-05-05,66.2000,66.6700,64.8900,65.5900,Wednesday,DOWN,-0.6100,-6.1000
2021-05-06,65.2600,65.9300,64.4700,64.6700,Thursday,DOWN,-0.5900,-5.9000
2021-05-07,64.8600,65.2000,63.8900,64.8800,Friday,UP,0.0200,0.2000
2021-05-10,65.2500,66.0000,63.9600,64.9300,Monday,DOWN,-0.3200,-3.2000
2021-05-11,64.9400,65.5100,63.7100,65.3000,Tuesday,UP,0.3600,3.6000
2021-05-12,65.4400,66.6300,64.9800,66.1000,Wednesday,UP,0.6600,6.6000
2021-05-13,65.7800,65.8300,63.1200,63.8400,Thursday,DOWN,-1.9400,-19.4000
2021-05-14,63.8400,65.6000,63.3500,65.3600,Friday,UP,1.5200,15.2000
2021-05-17,65.4400,66.4200,64.8300,66.2800,Monday,UP,0.8400,8.4000
2021-05-18,66.3100,67.0200,64.1400,65.5000,Tuesday,DOWN,-0.8100,-8.1000
2021-05-19,65.3000,65.3500,61.9500,63.3500,Wednesday,DOWN,-1.9500,-19.5000
2021-05-20,63.3500,63.9500,61.6700,61.9400,Thursday,DOWN,-1.4100,-14.1000
2021-05-21,61.7300,63.8200,61.3600,63.3600,Friday,UP,1.6300,16.3000
2021-05-24,63.6100,65.8700,63.4500,65.7800,Monday,UP,2.1700,21.7000
2021-05-25,65.7600,66.1800,65.1400,65.7900,Tuesday,UP,0.0300,0.3000
2021-05-26,65.7500,66.1500,65.0200,65.9600,Wednesday,UP,0.2100,2.1000
2021-05-27,65.9300,66.6600,65.2300,66.6000,Thursday,UP,0.6700,6.7000
2021-05-28,66.6800,67.2800,65.9500,66.1000,Friday,DOWN,-0.5800,-5.8000
2021-05-31,66.5800,67.4100,66.4100,66.9600,Monday,UP,0.3800,3.8000
2021-06-01,66.4500,68.6400,66.1900,67.5200,Tuesday,UP,1.0700,10.7000
2021-06-02,67.8000,68.7700,67.5900,68.6300,Wednesday,UP,0.8300,8.3000
2021-06-03,68.5900,69.1800,67.9800,68.6000,Thursday,UP,0.0100,0.1000
2021-06-04,68.7100,69.5100,68.1200,69.3900,Friday,UP,0.6800,6.8000
2021-06-07,69.2500,69.7600,68.7100,69.0400,Monday,DOWN,-0.2100,-2.1000
2021-06-08,69.0800,70.0800,68.2900,69.8700,Tuesday,UP,0.7900,7.9000
2021-06-09,69.8100,70.4300,69.2900,69.7900,Wednesday,DOWN,-0.0200,-0.2000
2021-06-10,69.6100,70.4600,68.5100,70.0900,Thursday,UP,0.4800,4.8000
2021-06-11,69.9100,70.8600,69.4700,70.6000,Friday,UP,0.6900,6.9000
2021-06-14,70.3600,71.4000,70.3600,70.6300,Monday,UP,0.2700,2.7000
2021-06-15,70.9100,72.2000,70.5400,71.8600,Tuesday,UP,0.9500,9.5000
2021-06-16,72.1300,72.7400,71.4200,71.9500,Wednesday,DOWN,-0.1800,-1.8000
2021-06-17,71.4800,72.1000,69.5400,70.7800,Thursday,DOWN,-0.7000,-7.0000
2021-06-18,70.8000,71.8200,69.8700,71.2900,Friday,UP,0.4900,4.9000
2021-06-21,71.1500,73.2800,70.7800,73.1200,Monday,UP,1.9700,19.7000
2021-06-22,73.0400,73.4700,72.4700,72.8500,Tuesday,DOWN,-0.1900,-1.9000
2021-06-23,72.1000,73.3300,72.0100,72.3600,Wednesday,UP,0.2600,2.6000
2021-06-24,72.5600,72.8600,71.6400,72.6300,Thursday,UP,0.0700,0.7000
2021-06-25,72.6500,73.4000,72.1100,73.3300,Friday,UP,0.6800,6.8000
2021-06-28,73.2700,73.7000,71.9200,72.2000,Monday,DOWN,-1.0700,-10.7000
2021-06-29,72.0400,73.0700,71.2800,72.3100,Tuesday,UP,0.2700,2.7000
2021-06-30,72.7700,73.4500,72.1000,72.7700,Wednesday,Break Even,0.0000,0.0000
2021-07-01,72.7800,75.2300,72.6600,74.3300,Thursday,UP,1.5500,15.5000
2021-07-02,74.0700,74.6700,73.5700,74.3600,Friday,UP,0.2900,2.9000
2021-07-05,75.1500,76.4000,74.7500,76.2500,Monday,UP,1.1000,11.0000
2021-07-06,74.4300,76.0700,72.1600,72.5800,Tuesday,DOWN,-1.8500,-18.5000
2021-07-07,73.0000,74.0600,70.4400,71.5000,Wednesday,DOWN,-1.5000,-15.0000
2021-07-08,71.5500,72.5100,70.1000,72.2200,Thursday,UP,0.6700,6.7000
2021-07-09,72.5100,73.9800,71.9700,73.8100,Friday,UP,1.3000,13.0000
2021-07-12,73.9200,74.1500,72.4500,73.4400,Monday,DOWN,-0.4800,-4.8000
2021-07-13,73.5100,74.9000,73.0700,74.6900,Tuesday,UP,1.1800,11.8000
2021-07-14,74.5800,74.8900,71.7000,72.6400,Wednesday,DOWN,-1.9400,-19.4000
2021-07-15,72.4300,72.4800,71.0200,71.3800,Thursday,DOWN,-1.0500,-10.5000
2021-07-16,71.2100,72.0400,70.1600,71.5600,Friday,UP,0.3500,3.5000
2021-07-19,71.0900,71.4000,65.5600,66.3500,Monday,DOWN,-4.7400,-47.4000
2021-07-20,66.6100,67.6100,65.0100,67.2000,Tuesday,UP,0.5900,5.9000
2021-07-21,65.8600,69.7500,65.8600,69.5700,Wednesday,UP,3.7100,37.1000
2021-07-22,69.5000,71.2600,69.1100,71.1400,Thursday,UP,1.6400,16.4000
2021-07-23,70.9700,71.4800,70.6900,71.3800,Friday,UP,0.4100,4.1000
2021-07-26,71.4600,71.7100,69.9000,71.3400,Monday,DOWN,-0.1200,-1.2000
2021-07-27,71.6100,71.7600,70.6200,71.1400,Tuesday,DOWN,-0.4700,-4.7000
2021-07-28,71.3600,72.0000,71.1600,71.7900,Wednesday,UP,0.4300,4.3000
2021-07-29,71.8000,73.0200,71.6600,72.9800,Thursday,UP,1.1800,11.8000
2021-07-30,72.7500,73.5200,72.3000,73.2300,Friday,UP,0.4800,4.8000
2021-08-02,73.1100,73.1900,69.9600,70.6100,Monday,DOWN,-2.5000,-25.0000
2021-08-03,70.8600,71.2900,68.6500,70.0300,Tuesday,DOWN,-0.8300,-8.3000
2021-08-04,69.8800,70.3100,67.5200,67.7900,Wednesday,DOWN,-2.0900,-20.9000
2021-08-05,67.6400,68.9700,67.2200,68.7400,Thursday,UP,1.1000,11.0000
2021-08-06,68.7700,69.8700,67.6200,68.1000,Friday,DOWN,-0.6700,-6.7000
2021-08-09,67.6200,67.6700,65.0000,66.3000,Monday,DOWN,-1.3200,-13.2000
2021-08-10,66.6200,68.6600,66.2900,68.0600,Tuesday,UP,1.4400,14.4000
2021-08-11,68.2800,69.1900,66.4700,69.0200,Wednesday,UP,0.7400,7.4000
2021-08-12,69.1500,69.3900,68.2400,68.9000,Thursday,DOWN,-0.2500,-2.5000
2021-08-13,68.7500,68.9900,67.5500,68.2100,Friday,DOWN,-0.5400,-5.4000
2021-08-16,67.6300,68.0300,65.5100,67.0500,Monday,DOWN,-0.5800,-5.8000
2021-08-17,67.1700,67.4600,66.0900,66.3400,Tuesday,DOWN,-0.8300,-8.3000
2021-08-18,66.3400,67.2300,64.1700,65.2100,Wednesday,DOWN,-1.1300,-11.3000
2021-08-19,64.4500,64.5700,62.4100,63.5000,Thursday,DOWN,-0.9500,-9.5000
2021-08-20,63.6500,64.0400,61.8200,62.1400,Friday,DOWN,-1.5100,-15.1000
2021-08-23,61.7500,65.6600,61.5000,65.3400,Monday,UP,3.5900,35.9000
2021-08-24,65.2400,67.4900,65.1500,67.2500,Tuesday,UP,2.0100,20.1000
2021-08-25,67.3300,68.2300,66.6300,68.0600,Wednesday,UP,0.7300,7.3000
2021-08-26,67.7800,67.9700,66.7100,67.1000,Thursday,DOWN,-0.6800,-6.8000
2021-08-27,67.4700,68.6900,67.1800,68.4800,Friday,UP,1.0100,10.1000
2021-08-30,68.9400,69.3600,67.5300,68.9300,Monday,DOWN,-0.0100,-0.1000
2021-08-31,68.8900,69.0700,67.9200,68.2600,Tuesday,DOWN,-0.6300,-6.3000
2021-09-01,68.3100,68.9800,66.9200,68.3200,Wednesday,UP,0.0100,0.1000
2021-09-02,67.9900,70.3100,67.5800,69.7300,Thursday,UP,1.7400,17.4000
2021-09-03,69.5100,70.2700,68.8700,69.0700,Friday,DOWN,-0.4400,-4.4000
2021-09-06,68.7500,69.4700,68.2700,68.8000,Monday,UP,0.0500,0.5000
2021-09-07,68.9000,69.2400,67.4400,68.1300,Tuesday,DOWN,-0.7700,-7.7000
2021-09-08,68.1300,69.4900,68.0800,69.0500,Wednesday,UP,0.9200,9.2000
2021-09-09,69.1100,69.6100,67.3500,67.9200,Thursday,DOWN,-1.1900,-11.9000
2021-09-10,67.7300,69.7100,67.4800,69.4700,Friday,UP,1.7400,17.4000
2021-09-13,69.3500,70.6800,69.2600,70.1900,Monday,UP,0.8400,8.4000
2021-09-14,70.3800,70.9700,69.7500,70.2300,Tuesday,DOWN,-0.1500,-1.5000
2021-09-15,70.4700,72.8700,70.4300,72.3300,Wednesday,UP,1.8600,18.6000
2021-09-16,72.4200,72.7200,71.2900,72.3700,Thursday,DOWN,-0.0500,-0.5000
2021-09-17,72.3300,72.5000,71.0300,71.8200,Friday,DOWN,-0.5100,-5.1000
2021-09-20,71.8100,71.9300,69.7100,70.1400,Monday,DOWN,-1.6700,-16.7000
2021-09-21,70.4300,71.4800,69.3900,70.4900,Tuesday,UP,0.0600,0.6000
2021-09-22,70.4800,71.9600,70.2700,71.8900,Wednesday,UP,1.4100,14.1000
2021-09-23,71.6000,73.1000,71.2900,72.9500,Thursday,UP,1.3500,13.5000
2021-09-24,72.9100,73.8600,72.4700,73.6100,Friday,UP,0.7000,7.0000
2021-09-27,73.8300,75.3500,73.7900,75.0800,Monday,UP,1.2500,12.5000
2021-09-28,75.0500,76.2600,73.8600,74.9000,Tuesday,DOWN,-0.1500,-1.5000
2021-09-29,73.9500,75.3900,73.3700,74.5000,Wednesday,UP,0.5500,5.5000
2021-09-30,74.4700,75.7200,72.8200,74.7000,Thursday,UP,0.2300,2.3000
2021-10-01,74.7400,75.6800,73.9200,75.5800,Friday,UP,0.8400,8.4000
2021-10-04,75.6300,78.0700,75.0300,77.3300,Monday,UP,1.7000,17.0000
2021-10-05,77.2900,79.0900,77.1700,78.5700,Tuesday,UP,1.2800,12.8000
2021-10-06,78.5800,79.3900,76.4800,77.0600,Wednesday,DOWN,-1.5200,-15.2000
2021-10-07,76.6300,78.5400,74.6700,77.9600,Thursday,UP,1.3300,13.3000
2021-10-08,78.4700,79.6200,78.2000,78.7600,Friday,UP,0.2900,2.9000
2021-10-11,79.0100,81.0800,78.9500,79.9200,Monday,UP,0.9100,9.1000
2021-10-12,79.8900,80.7900,78.8800,79.9200,Tuesday,UP,0.0300,0.3000
2021-10-13,79.8300,80.3600,78.7800,79.8200,Wednesday,DOWN,-0.0100,-0.1000
2021-10-14,79.9400,81.1400,79.7900,80.7700,Thursday,UP,0.8300,8.3000
2021-10-15,80.9300,82.0000,80.8600,81.7300,Friday,UP,0.8000,8.0000
2021-10-18,82.0000,83.1800,81.2100,81.6900,Monday,DOWN,-0.3100,-3.1000
2021-10-19,81.5800,82.9900,81.0800,82.4400,Tuesday,UP,0.8600,8.6000
2021-10-20,82.4600,83.6500,80.7800,83.4200,Wednesday,UP,0.9600,9.6000
2021-10-21,82.4500,82.7100,79.7900,81.3600,Thursday,DOWN,-1.0900,-10.9000
2021-10-22,81.4300,82.9200,80.6200,82.5000,Friday,UP,1.0700,10.7000
2021-10-25,82.6400,83.8300,82.2400,82.6100,Monday,DOWN,-0.0300,-0.3000
2021-10-26,82.6100,83.5100,81.9700,83.3600,Tuesday,UP,0.7500,7.5000
2021-10-27,83.1100,83.2100,80.8400,81.4800,Wednesday,DOWN,-1.6300,-16.3000
2021-10-28,81.0500,81.8500,79.3700,81.4600,Thursday,UP,0.4100,4.1000
2021-10-29,81.7100,81.9600,80.1400,81.7800,Friday,UP,0.0700,0.7000
2021-11-01,81.5800,83.0700,81.0500,82.4500,Monday,UP,0.8700,8.7000
2021-11-02,82.3000,82.8600,81.4900,82.4400,Tuesday,UP,0.1400,1.4000
2021-11-03,81.7000,81.7000,78.5200,79.5700,Wednesday,DOWN,-2.1300,-21.3000
2021-11-04,78.9300,82.0500,77.2300,77.7000,Thursday,DOWN,-1.2300,-12.3000
2021-11-05,78.3200,80.5100,77.7800,80.1300,Friday,UP,1.8100,18.1000
2021-11-08,80.0000,81.4200,79.9500,80.7400,Monday,UP,0.7400,7.4000
2021-11-09,80.8700,82.9900,80.5600,82.5600,Tuesday,UP,1.6900,16.9000
2021-11-10,82.8900,83.3000,79.5300,80.0600,Wednesday,DOWN,-2.8300,-28.3000
2021-11-11,80.1000,80.9500,78.9800,80.4200,Thursday,UP,0.3200,3.2000
2021-11-12,80.0800,80.3600,78.6700,79.6900,Friday,DOWN,-0.3900,-3.9000
2021-11-15,79.5900,80.0400,78.2800,79.7500,Monday,UP,0.1600,1.6000
2021-11-16,79.8000,80.6800,78.9700,79.7400,Tuesday,DOWN,-0.0600,-0.6000
2021-11-17,79.6000,79.7100,76.9300,77.5500,Wednesday,DOWN,-2.0500,-20.5000
2021-11-18,77.4900,78.8000,76.4400,78.4100,Thursday,UP,0.9200,9.2000
2021-11-19,78.2900,79.3300,75.0900,75.9400,Friday,DOWN,-2.3500,-23.5000
2021-11-22,75.0700,76.4700,74.0600,76.1200,Monday,UP,1.0500,10.5000
2021-11-23,75.8100,78.2300,74.7700,77.9400,Tuesday,UP,2.1300,21.3000
2021-11-24,77.9000,78.5900,77.4100,77.8100,Wednesday,DOWN,-0.0900,-0.9000
2021-11-25,78.3800,78.6500,77.2800,77.4100,Thursday,DOWN,-0.9700,-9.7000
2021-11-26,77.7500,78.0700,67.1400,67.8400,Friday,DOWN,-9.9100,-99.1000
2021-11-29,68.9300,72.4800,68.4000,69.6200,Monday,UP,0.6900,6.9000
2021-11-30,69.6900,70.8600,64.1600,65.8500,Tuesday,DOWN,-3.8400,-38.4000
2021-12-01,66.6800,69.1800,64.6200,65.3700,Wednesday,DOWN,-1.3100,-13.1000
2021-12-02,65.3800,67.2300,62.2600,66.2700,Thursday,UP,0.8900,8.9000
2021-12-03,67.1700,68.9600,65.4500,66.1000,Friday,DOWN,-1.0700,-10.7000
2021-12-06,66.8500,69.9500,66.6200,69.3000,Monday,UP,2.4500,24.5000
2021-12-07,69.2800,72.7200,69.2800,71.8400,Tuesday,UP,2.5600,25.6000
2021-12-08,71.6200,72.7500,70.7400,72.1800,Wednesday,UP,0.5600,5.6000
2021-12-09,72.3600,73.1300,70.2300,70.7900,Thursday,DOWN,-1.5700,-15.7000
2021-12-10,70.5200,72.1500,70.1900,71.4800,Friday,UP,0.9600,9.6000
2021-12-13,71.8400,72.8200,70.5400,71.0600,Monday,DOWN,-0.7800,-7.8000
2021-12-14,70.9100,71.7900,69.3200,70.5200,Tuesday,DOWN,-0.3900,-3.9000
2021-12-15,70.1200,71.4500,69.2100,70.6600,Wednesday,UP,0.5400,5.4000
2021-12-16,71.2800,72.7400,70.8700,72.1500,Thursday,UP,0.8700,8.7000
2021-12-17,71.7900,72.0500,69.7000,70.7200,Friday,DOWN,-1.0700,-10.7000
2021-12-20,69.8800,69.9800,66.1200,68.6100,Monday,DOWN,-1.2700,-12.7000
2021-12-21,68.9400,71.2100,68.2700,70.8200,Tuesday,UP,1.8800,18.8000
2021-12-22,70.9700,72.7100,70.4800,72.3300,Wednesday,UP,1.3600,13.6000
2021-12-23,72.5900,73.6000,71.8400,73.4200,Thursday,UP,0.8300,8.3000
2021-12-27,73.0000,75.6800,72.2200,75.1800,Monday,UP,2.1800,21.8000
2021-12-28,75.5800,76.5000,75.1200,75.6000,Tuesday,UP,0.0200,0.2000
2021-12-29,75.7100,76.9900,75.0100,76.1800,Wednesday,UP,0.4700,4.7000
2021-12-30,76.2000,77.0600,75.4200,76.6100,Thursday,UP,0.4100,4.1000
2021-12-31,76.1200,76.6800,74.6300,74.8800,Friday,DOWN,-1.2400,-12.4000
